0,1,2,dist,did,type,locabb
VIRB0022-0031.JPG,9.55414,46.96767,34.19,B8,main signal,LQ
VIRB0022-0032.JPG,9.55413,46.96767,34.96,B6,main signal,LQ
VIRB0022-0103.JPG,9.55408,46.96761,60.3,B5,main signal,LQ
VIRB0022-0160.JPG,9.55411,46.9679,100.34,C*,distant signal,LQ
VIRB0022-0240.JPG,9.55591,46.97188,625.7,A,main signal,LQ
VIRB0022-0241.JPG,9.55599,46.9719,632.18,BG 09997 - 1,balise,MALA
VIRB0022-0279.JPG,9.56012,46.9733,983.27,BG 09997 - 2,balise,MALA
VIRB0022-0280.JPG,9.56024,46.97335,993.96,BG 08000 - 1,balise,MALA
VIRB0022-0283.JPG,9.56066,46.97349,1029.54,BG 08000 - 2,balise,MALA
VIRB0022-0284.JPG,9.56075,46.97353,1037.7,A*,distant signal,MALA
VIRB0022-0285.JPG,9.56087,46.97357,1047.86,A*,distant signal,LQ
VIRB0022-0320.JPG,9.56455,46.97494,1366.98,BG 08001 - 1,balise,MALA
VIRB0022-0357.JPG,9.56794,46.97614,1657.69,BG 08001 - 2,balise,MALA
VIRB0022-0358.JPG,9.56804,46.97618,1666.51,A ,main signal,MALA
VIRB0022-0359.JPG,9.56813,46.97622,1674.67,C*,distant signal,MALA
VIRB0022-0360.JPG,9.56823,46.97625,1682.98,B1,main signal,MALA
VIRB0022-0404.JPG,9.57267,46.97775,2061.33,B2,main signal,MALA
VIRB0022-0405.JPG,9.57279,46.97776,2070.52,BG 08002 - 1,balise,MALA
VIRB0022-0406.JPG,9.5729,46.97777,2078.97,BG 08002 - 2,balise,MALA
VIRB0022-0407.JPG,9.57301,46.97778,2087.41,BG 08003 - 1,balise,MALA
VIRB0022-0408.JPG,9.57313,46.97778,2096.54,BG 08003 - 2,balise,MALA
VIRB0022-0409.JPG,9.57325,46.97778,2105.67,BG 08004 - 1,balise,MALA
VIRB0022-0426.JPG,9.57534,46.97784,2265.07,BG 08004 - 2,balise,MALA
VIRB0022-0427.JPG,9.57547,46.97784,2274.96,BG 08005 - 1,balise,MALA
VIRB0022-0428.JPG,9.57559,46.97785,2284.16,BG 08005 - 2,balise,MALA
VIRB0022-0429.JPG,9.57572,46.97785,2294.05,C1,main signal,MALA
VIRB0022-0430.JPG,9.57584,46.97785,2303.18,C2,main signal,MALA
VIRB0022-0431.JPG,9.57597,46.97785,2313.07,D,main signal,MALA
VIRB0022-0465.JPG,9.58034,46.9767,2672.42,B*,distant signal,MALA
VIRB0022-0466.JPG,9.58047,46.97665,2683.77,BG 08006 - 1,balise,MALA
VIRB0022-0467.JPG,9.5806,46.97661,2694.61,BG 08006 - 2,balise,MALA
VIRB0022-0468.JPG,9.58073,46.97657,2705.46,D*,distant signal,MALA
VIRB0022-0521.JPG,9.58772,46.97428,3295.64,BG 08007 - 1,balise,MALA
VIRB0022-0522.JPG,9.58785,46.97424,3306.49,BG 08007 - 2,balise,MALA
VIRB0022-0523.JPG,9.58798,46.97419,3317.83,BG 08008 - 1,balise,SAGE
VIRB0022-0524.JPG,9.58812,46.97415,3329.38,BG 08008 - 2,balise,SAGE
VIRB0022-0525.JPG,9.58834,46.97408,3347.84,E*,distant signal,SAGE
VIRB0022-0526.JPG,9.58845,46.97404,3357.32,BG 08009 - 1,balise,SAGE
VIRB0022-0578.JPG,9.59619,46.97406,3958.35,BG 08009 - 2,balise,SAGE
VIRB0022-0579.JPG,9.59634,46.9741,3970.6,E,main signal,SAGE
VIRB0022-0580.JPG,9.59649,46.97414,3982.85,F,main signal,SAGE
VIRB0022-0600.JPG,9.59946,46.975,4228.41,BG 08010 - 1,balise,SAGE
VIRB0022-0601.JPG,9.5996,46.97504,4239.95,BG 08010 - 2,balise,SAGE
VIRB0022-0602.JPG,9.59975,46.97508,4252.2,BG 08069 - 1,balise,SAGE
VIRB0022-0611.JPG,9.6012,46.97527,4365.07,BG 08069 - 2,balise,SAGE
VIRB0022-0612.JPG,9.60135,46.97527,4376.48,F*,distant signal,SAGE
VIRB0022-0664.JPG,9.60999,46.97475,5040.11,BG 08011 - 1,balise,SAGE
VIRB0022-0665.JPG,9.61015,46.97473,5052.48,BG 08011 - 2,balise,SAGE
VIRB0022-0666.JPG,9.6103,46.97471,5064.11,BG 08012 - 1,balise,GRUS
VIRB0022-0679.JPG,9.61256,46.9744,5239.59,BG 08012 - 2,balise,GRUS
VIRB0022-0680.JPG,9.61271,46.97438,5251.22,G*,distant signal,GRUS
VIRB0022-0681.JPG,9.61288,46.97436,5264.35,BG 08013 - 1,balise,GRUS
VIRB0022-0731.JPG,9.62106,46.97658,6050.72,BG 08013 - 2,balise,GRUS
VIRB0022-0732.JPG,9.6211,46.97656,6054.49,G,main signal,GRUS
VIRB0022-0733.JPG,9.62118,46.97655,6060.68,H,main signal,GRUS
VIRB0022-0734.JPG,9.6213,46.97656,6069.88,BG 08014 - 1,balise,GRUS
VIRB0022-0735.JPG,9.62144,46.97657,6080.59,BG 08014 - 2,balise,GRUS
VIRB0022-0736.JPG,9.62161,46.97658,6093.57,H*,distant signal,GRUS
VIRB0022-0781.JPG,9.62899,46.97651,6659.18,BG 08015 - 1,balise,GRUS
VIRB0022-0782.JPG,9.62913,46.97652,6669.89,BG 08015 - 2,balise,GRUS
VIRB0022-0783.JPG,9.62928,46.97653,6681.36,BG 08016 - 1,balise,GRUS
VIRB0022-0800.JPG,9.63155,46.97685,6857.89,BG 08016 - 2,balise,GRUS
VIRB0022-0801.JPG,9.63168,46.97686,6867.85,A*,distant signal,GRUS
VIRB0022-0802.JPG,9.6318,46.97688,6877.24,BG 08017 - 1,balise,GRUS
VIRB0022-0868.JPG,9.63857,46.97885,7449.25,BG 08017 - 2,balise,GRUS
VIRB0022-0869.JPG,9.63865,46.97889,7456.79,A,main signal,GRUS
VIRB0022-0870.JPG,9.63881,46.97897,7471.86,C*,distant signal,GRUS
VIRB0022-0871.JPG,9.63888,46.979,7478.15,B,main signal,GRUS
VIRB0022-0898.JPG,9.64117,46.98015,7694.57,BG 08018 - 1,balise,GRUS
VIRB0022-0902.JPG,9.64149,46.98031,7724.8,BG 08018 - 2,balise,GRUS
VIRB0022-0903.JPG,9.64156,46.98035,7731.73,BG 08019 - 1,balise,GRUS
VIRB0022-0904.JPG,9.64164,46.98039,7739.27,BG 08019 - 2,balise,GRUS
VIRB0022-0905.JPG,9.64172,46.98042,7746.21,B**1,distant signal,GRUS
VIRB0022-0910.JPG,9.64216,46.98065,7788.35,B**2,distant signal,GRUS
VIRB0022-0911.JPG,9.64222,46.98068,7794.0,BG 08024 - 1,balise,GRUS
VIRB0022-0940.JPG,9.64458,46.98099,7988.82,BG 08024 - 2,balise,GRUS
VIRB0022-0941.JPG,9.64465,46.98097,7994.59,BG 08025 - 1,balise,GRUS
VIRB0022-0942.JPG,9.6447,46.98095,7999.0,BG 08025 - 2,balise,GRUS
VIRB0022-0943.JPG,9.64475,46.98093,8003.4,C,main signal,GRUS
VIRB0022-0945.JPG,9.64487,46.98088,8014.23,A*,distant signal,GRUS
VIRB0022-0946.JPG,9.64493,46.98086,8019.31,D,main signal,GRUS
VIRB0022-1089.JPG,9.64776,46.97949,8286.96,B*,distant signal,GRUS
VIRB0022-1090.JPG,9.64783,46.97946,8293.24,BG 08026 - 1,balise,GRUS
VIRB0022-1091.JPG,9.64791,46.97944,8299.72,BG 08026 - 2,balise,GRUS
VIRB0022-1092.JPG,9.64804,46.97941,8310.16,D**,distant signal,GRUS
VIRB0022-1108.JPG,9.6496,46.97922,8430.96,A**,distant signal,SCRS
VIRB0022-1109.JPG,9.64971,46.9792,8439.62,BG 08028 - 1,balise,SCRS
VIRB0022-1129.JPG,9.6524,46.97887,8647.93,BG 08028 - 2,balise,SCRS
VIRB0022-1130.JPG,9.65255,46.97883,8660.18,A,main signal,SCRS
VIRB0022-1131.JPG,9.6527,46.9788,8672.07,D*,distant signal,GRUS
VIRB0022-1149.JPG,9.65545,46.97789,8904.58,BG 08027 - 1,balise,GRUS
VIRB0022-1150.JPG,9.6556,46.97784,8917.27,BG 08027 - 2,balise,GRUS
VIRB0022-1151.JPG,9.65576,46.97779,8930.66,B12,main signal,SCRS
VIRB0022-1164.JPG,9.65784,46.97727,9099.81,B13,main signal,SCRS
VIRB0022-1165.JPG,9.658,46.97725,9112.19,BG 08029 - 1,balise,SCRS
VIRB0022-1166.JPG,9.65816,46.97722,9124.81,BG 08029 - 2,balise,SCRS
VIRB0022-1167.JPG,9.65832,46.97719,9137.43,BG 08030 - 1,balise,SCRS
VIRB0022-1168.JPG,9.65848,46.97717,9149.81,BG 08030 - 2,balise,SCRS
VIRB0022-1169.JPG,9.65864,46.97714,9162.43,BG 08031 - 1,balise,SCRS
VIRB0022-1221.JPG,9.66651,46.97505,9805.91,BG 08031 - 2,balise,SCRS
VIRB0022-1222.JPG,9.66665,46.97502,9817.07,BG 08032 - 1,balise,SCRS
VIRB0022-1223.JPG,9.66681,46.97498,9830.04,BG 08032 - 2,balise,SCRS
VIRB0022-1224.JPG,9.66695,46.97494,9841.58,C*12,distant signal,SCRS
VIRB0022-1225.JPG,9.6671,46.9749,9853.83,C*13,distant signal,SCRS
VIRB0022-1226.JPG,9.66724,46.97486,9865.37,B*12,distant signal,SCRS
VIRB0022-1251.JPG,9.67103,46.97388,10173.88,B*13,distant signal,SCRS
VIRB0022-1252.JPG,9.67118,46.97384,10186.12,BG 08033 - 1,balise,SCRS
VIRB0022-1253.JPG,9.67134,46.9738,10199.09,BG 08033 - 2,balise,SCRS
VIRB0022-1254.JPG,9.67158,46.97374,10218.53,BG 08034 - 1,balise,SCRS
VIRB0022-1255.JPG,9.67171,46.97371,10228.97,BG 08034 - 2,balise,SCRS
VIRB0022-1256.JPG,9.67185,46.97367,10240.51,BG 08035 - 1,balise,SCRS
VIRB0022-1292.JPG,9.67725,46.97222,10682.11,BG 08035 - 2,balise,SCRS
VIRB0022-1293.JPG,9.6774,46.97218,10694.36,BG 08036 - 1,balise,SCRS
VIRB0022-1294.JPG,9.67768,46.97211,10717.05,BG 08036 - 2,balise,SCRS
VIRB0022-1295.JPG,9.67781,46.97208,10727.49,C12,main signal,SCRS
VIRB0022-1296.JPG,9.67795,46.97204,10739.03,E*12,distant signal,SCRS
VIRB0022-1297.JPG,9.67809,46.972,10750.57,C13,main signal,SCRS
VIRB0022-1298.JPG,9.67824,46.97196,10762.82,E*13,distant signal,SCRS
VIRB0022-1299.JPG,9.67839,46.97192,10775.07,D3,main signal,SCRS
VIRB0022-1345.JPG,9.68415,46.96902,11327.7,BG 08039 - 1,balise,SCRS
VIRB0022-1346.JPG,9.68426,46.96898,11337.18,BG 08039 - 2,balise,SCRS
VIRB0022-1347.JPG,9.68437,46.96893,11347.23,D1,main signal,SCRS
VIRB0022-1351.JPG,9.68483,46.96877,11386.5,D2,main signal,SCRS
VIRB0022-1352.JPG,9.68495,46.96874,11396.22,BG 08037 - 1,balise,SCRS
VIRB0022-1353.JPG,9.68506,46.9687,11405.7,BG 08037 - 2,balise,SCRS
VIRB0022-1354.JPG,9.68523,46.96865,11419.78,BG 08038 - 1,balise,SCRS
VIRB0022-1355.JPG,9.68533,46.96862,11428.09,BG 08038 - 2,balise,SCRS
VIRB0022-1356.JPG,9.68543,46.9686,11436.02,E1,main signal,SCRS
VIRB0022-1364.JPG,9.68623,46.96839,11501.37,BG 08040 - 1,balise,SCRS
VIRB0022-1382.JPG,9.68766,46.96804,11617.44,BG 08040 - 2,balise,SCRS
VIRB0022-1383.JPG,9.68772,46.96802,11622.52,BG 08041 - 1,balise,SCRS
VIRB0022-1384.JPG,9.68777,46.96801,11626.48,BG 08041 - 2,balise,SCRS
VIRB0022-1385.JPG,9.68783,46.968,11631.18,E2,main signal,SCRS
VIRB0022-1386.JPG,9.68788,46.96799,11635.15,E3,main signal,SCRS
VIRB0022-1387.JPG,9.68793,46.96798,11639.11,F42,main signal,SCRS
VIRB0022-1554.JPG,9.69207,46.96658,12005.61,D*42,distant signal,SCRS
VIRB0022-1555.JPG,9.69214,46.96656,12011.38,F43,main signal,SCRS
VIRB0022-1556.JPG,9.69221,46.96652,12018.32,D*43,distant signal,SCRS
VIRB0022-1557.JPG,9.6923,46.96649,12025.94,BG 08042 - 1,balise,SCRS
VIRB0022-1558.JPG,9.69238,46.96646,12032.88,BG 08042 - 2,balise,SCRS
VIRB0022-1559.JPG,9.69246,46.96643,12039.83,BG 08043 - 1,balise,SCRS
VIRB0022-1560.JPG,9.69255,46.96639,12047.99,BG 08043 - 2,balise,SCRS
VIRB0022-1561.JPG,9.69263,46.96636,12054.93,BG 08044 - 1,balise,SCRS
VIRB0022-1577.JPG,9.69394,46.96583,12170.92,BG 08044 - 2,balise,SCRS
VIRB0022-1578.JPG,9.69401,46.9658,12177.21,BG 08045 - 1,balise,SCRS
VIRB0022-1579.JPG,9.69409,46.96577,12184.15,BG 08045 - 2,balise,SCRS
VIRB0022-1580.JPG,9.69417,46.96574,12191.09,G*42,distant signal,SCRS
VIRB0022-1581.JPG,9.69424,46.96571,12197.38,G*43,distant signal,SCRS
VIRB0022-1582.JPG,9.69431,46.96568,12203.66,BG 08046 - 1,balise,SCRS
VIRB0022-1664.JPG,9.69877,46.96355,12620.54,BG 08046 - 2,balise,SCRS
VIRB0022-1665.JPG,9.69881,46.96352,12625.05,BG 08047 - 1,balise,SCRS
VIRB0022-1666.JPG,9.69885,46.96349,12629.57,BG 08047 - 2,balise,SCRS
VIRB0022-1667.JPG,9.6989,46.96346,12634.63,G42,main signal,SCRS
VIRB0022-1668.JPG,9.69894,46.96343,12639.14,G43,main signal,SCRS
VIRB0022-1669.JPG,9.69898,46.9634,12643.66,F*,distant signal,SCRS
VIRB0022-1696.JPG,9.70037,46.96222,12812.68,BG 08048 - 1,balise,SCRS
VIRB0022-1697.JPG,9.70042,46.96216,12820.36,BG 08048 - 2,balise,SCRS
VIRB0022-1698.JPG,9.70048,46.9621,12828.44,H,main signal,SCRS
VIRB0022-1732.JPG,9.70245,46.95943,13162.25,BG 08049 - 1,balise,SCRS
VIRB0022-1733.JPG,9.70249,46.95933,13173.78,BG 08049 - 2,balise,SCRS
VIRB0022-1734.JPG,9.70253,46.95916,13192.92,BG 08020 - 1,balise,SCRS
VIRB0022-1744.JPG,9.70271,46.95815,13306.09,BG 08020 - 2,balise,SCRS
VIRB0022-1745.JPG,9.70273,46.95805,13317.31,BG 08051 - 1,balise,FUWI
VIRB0022-1757.JPG,9.70296,46.9566,13479.51,BG 08051 - 2,balise,FUWI
VIRB0022-1758.JPG,9.70298,46.95649,13491.83,A*,distant signal,FUWI
VIRB0022-1759.JPG,9.70299,46.95638,13504.08,H*,distant signal,SCRS
VIRB0022-1798.JPG,9.70364,46.95182,14013.64,BG 08050 - 1,balise,SCRS
VIRB0022-1799.JPG,9.70365,46.95171,14025.89,BG 08050 - 2,balise,SCRS
VIRB0022-1800.JPG,9.70367,46.9516,14038.21,BG 08052 - 1,balise,FUWI
VIRB0022-1804.JPG,9.70373,46.95116,14087.36,BG 08052 - 2,balise,FUWI
VIRB0022-1805.JPG,9.70375,46.95105,14099.69,A,main signal,FUWI
VIRB0022-1806.JPG,9.70376,46.95093,14113.05,C*,distant signal,FUWI
VIRB0022-1807.JPG,9.70378,46.95084,14123.17,B1,main signal,FUWI
VIRB0022-1843.JPG,9.70481,46.94754,14514.71,B2,main signal,FUWI
VIRB0022-1844.JPG,9.70479,46.94745,14524.83,BG 08053 - 1,balise,FUWI
VIRB0022-1845.JPG,9.70477,46.94735,14536.05,BG 08053 - 2,balise,FUWI
VIRB0022-1846.JPG,9.70475,46.94724,14548.37,BG 08054 - 1,balise,FUWI
VIRB0022-1847.JPG,9.70473,46.94714,14559.59,BG 08054 - 2,balise,FUWI
VIRB0022-1848.JPG,9.70471,46.94705,14569.71,BG 08055 - 1,balise,FUWI
VIRB0022-1874.JPG,9.70508,46.94423,14889.59,BG 08055 - 2,balise,FUWI
VIRB0022-1875.JPG,9.70514,46.94415,14899.59,BG 08056 - 1,balise,FUWI
VIRB0022-1876.JPG,9.7052,46.94406,14910.59,BG 08056 - 2,balise,FUWI
VIRB0022-1877.JPG,9.70527,46.94396,14922.92,C1,main signal,FUWI
VIRB0022-1878.JPG,9.70534,46.94387,14934.25,C2,main signal,FUWI
VIRB0022-1879.JPG,9.70542,46.94377,14946.93,D,main signal,FUWI
VIRB0022-1906.JPG,9.70799,46.94126,15287.97,B*,distant signal,FUWI
VIRB0022-1907.JPG,9.70808,46.94117,15300.09,BG 08057 - 1,balise,FUWI
VIRB0022-1908.JPG,9.70817,46.94107,15313.15,BG 08057 - 2,balise,FUWI
VIRB0022-1909.JPG,9.70826,46.94098,15325.28,BG 08059 - 1,balise,JAZ
VIRB0022-1931.JPG,9.70932,46.93864,15600.24,BG 08059 - 2,balise,JAZ
VIRB0022-1932.JPG,9.70935,46.93853,15612.68,A3,distant signal,JAZ
VIRB0022-1933.JPG,9.70938,46.93843,15624.03,D*,distant signal,FUWI
VIRB0022-1958.JPG,9.71046,46.93567,15942.61,BG 08060 - 1,balise,FUWI
VIRB0022-1959.JPG,9.71053,46.93557,15954.94,BG 08060 - 2,balise,FUWI
VIRB0022-1960.JPG,9.71059,46.93547,15966.95,BG 08060 - 1,balise,JAZ
VIRB0022-1982.JPG,9.71258,46.93337,16246.16,BG 08060 - 2,balise,JAZ
VIRB0022-1983.JPG,9.71268,46.93329,16257.87,A,main signal,JAZ
VIRB0022-1984.JPG,9.71279,46.93321,16270.09,C*,distant signal,JAZ
VIRB0022-1985.JPG,9.71289,46.93314,16280.97,B,main signal,JAZ
VIRB0022-2003.JPG,9.71501,46.9318,16500.9,BG 08061 - 1,balise,JAZ
VIRB0022-2006.JPG,9.71536,46.93159,16536.34,BG 08061 - 2,balise,JAZ
VIRB0022-2007.JPG,9.71548,46.93152,16548.34,BG 08062 - 1,balise,JAZ
VIRB0022-2008.JPG,9.7156,46.93145,16560.34,BG 08062 - 2,balise,JAZ
VIRB0022-2009.JPG,9.71572,46.93138,16572.34,B**3,distant signal,JAZ
VIRB0022-2011.JPG,9.71597,46.93125,16596.25,B**2,distant signal,JAZ
VIRB0022-2012.JPG,9.71609,46.93118,16608.25,BG 08063 - 1,balise,JAZ
VIRB0022-2030.JPG,9.71836,46.92986,16835.13,BG 08063 - 2,balise,JAZ
VIRB0022-2031.JPG,9.71847,46.92979,16846.56,BG 08064 - 1,balise,JAZ
VIRB0022-2032.JPG,9.71859,46.92972,16858.56,BG 08064 - 2,balise,JAZ
VIRB0022-2033.JPG,9.71871,46.92965,16870.57,C,main signal,JAZ
VIRB0022-2034.JPG,9.71883,46.92957,16883.32,BG 08067 - 1,balise,FID
VIRB0022-2046.JPG,9.72032,46.92868,17034.19,BG 08067 - 2,balise,FID
VIRB0022-2047.JPG,9.72045,46.92862,17046.13,A*,distant signal,FID
VIRB0022-2048.JPG,9.72059,46.92856,17058.71,D,main signal,JAZ
VIRB0022-2051.JPG,9.72101,46.92841,17094.79,B*,distant signal,JAZ
VIRB0022-2052.JPG,9.72115,46.92836,17106.82,BG 08065 - 1,balise,JAZ
VIRB0022-2053.JPG,9.72129,46.9283,17119.39,BG 08065 - 2,balise,JAZ
VIRB0022-2054.JPG,9.72143,46.92825,17131.42,BG 08068 - 1,balise,FID
VIRB0022-2098.JPG,9.7261,46.92504,17637.46,BG 08068 - 2,balise,FID
VIRB0022-2099.JPG,9.72621,46.92498,17648.16,A,main signal,FID
VIRB0022-2100.JPG,9.72631,46.92492,17658.29,E*,distant signal,FID
VIRB0022-2101.JPG,9.72641,46.92486,17668.41,D*,distant signal,JAZ
VIRB0022-2112.JPG,9.72752,46.92428,17774.91,BG 08066 - 1,balise,JAZ
VIRB0022-2113.JPG,9.72762,46.92423,17784.34,BG 08066 - 2,balise,JAZ
VIRB0022-2114.JPG,9.72772,46.92418,17793.77,B,main signal,FID
VIRB0022-2128.JPG,9.72909,46.92352,17921.48,BG 08160 - 1,balise,FID
VIRB0022-2132.JPG,9.72949,46.92337,17956.23,BG 08160 - 2,balise,FID
VIRB0022-2133.JPG,9.72959,46.92333,17965.05,D,main signal,FID
VIRB0022-2150.JPG,9.73129,46.9228,18107.34,BG 08070 - 1,balise,FID
VIRB0022-2153.JPG,9.73156,46.92272,18129.79,BG 08070 - 2,balise,FID
VIRB0022-2154.JPG,9.73165,46.92269,18137.41,BG 08071 - 1,balise,FID
VIRB0022-2155.JPG,9.7318,46.92265,18149.67,BG 08071 - 2,balise,FID
VIRB0022-2156.JPG,9.73187,46.92262,18155.96,BG 08161 - 1,balise,FID
VIRB0022-2157.JPG,9.73196,46.9226,18163.17,BG 08161 - 2,balise,FID
VIRB0022-2158.JPG,9.73205,46.92257,18170.79,BG 08072 - 1,balise,FID
VIRB0022-2188.JPG,9.73459,46.92241,18370.27,BG 08072 - 2,balise,FID
VIRB0022-2189.JPG,9.73467,46.92242,18376.47,BG 08073 - 1,balise,FID
VIRB0022-2190.JPG,9.73475,46.92244,18382.95,BG 08073 - 2,balise,FID
VIRB0022-2191.JPG,9.73483,46.92245,18389.15,E,main signal,FID
VIRB0022-2192.JPG,9.73491,46.92247,18395.63,F,main signal,FID
VIRB0022-2230.JPG,9.73783,46.92233,18624.57,D*,distant signal,FID
VIRB0022-2231.JPG,9.73791,46.92232,18630.76,BG 08074 - 1,balise,FID
VIRB0022-2232.JPG,9.73799,46.9223,18637.25,BG 08074 - 2,balise,FID
VIRB0022-2233.JPG,9.73807,46.92229,18643.45,F*,distant signal,FID
VIRB0022-2302.JPG,9.74366,46.92173,19080.88,BG 08075- 1,balise,FID
VIRB0022-2303.JPG,9.74374,46.92175,19087.36,BG 08075 - 2,balise,FID
VIRB0022-2304.JPG,9.74381,46.92177,19093.14,BG 08076 - 1,balise,FID
VIRB0022-2316.JPG,9.74477,46.92188,19168.18,BG 08076 - 2,balise,FID
VIRB0022-2317.JPG,9.74485,46.92187,19174.38,L*,distant signal,FID
VIRB0022-2318.JPG,9.74496,46.92186,19182.83,BG 08077 - 1,balise,FID
VIRB0022-2377.JPG,9.74971,46.92118,19563.86,BG 08077 - 2,balise,FID
VIRB0022-2378.JPG,9.74979,46.92118,19569.95,L,main signal,FID
VIRB0022-2379.JPG,9.74992,46.92117,19579.91,M,main signal,FID
VIRB0022-2391.JPG,9.75083,46.92114,19649.56,BG 08078 - 1,balise,FID
VIRB0022-2392.JPG,9.75091,46.92113,19655.75,BG 08078 - 2,balise,FID
VIRB0022-2393.JPG,9.75098,46.92112,19661.2,BG 08080 - 1,balise,KUEB
VIRB0022-2414.JPG,9.75205,46.92028,19794.58,BG 08080 - 2,balise,KUEB
VIRB0022-2415.JPG,9.75205,46.92022,19801.25,A*,distant signal,KUEB
VIRB0022-2416.JPG,9.75206,46.92016,19807.96,BG 08081 - 1,balise,KUEB
VIRB0022-2479.JPG,9.75583,46.91752,20242.43,BG 08081 - 2,balise,KUEB
VIRB0022-2480.JPG,9.75598,46.91745,20256.25,A,main signal,KUEB
VIRB0022-2481.JPG,9.75606,46.91741,20263.8,C*,distant signal,KUEB
VIRB0022-2482.JPG,9.75615,46.91737,20271.97,M*,distant signal,FID
VIRB0022-2489.JPG,9.75685,46.91705,20336.17,BG 08079 - 1,balise,FID
VIRB0022-2490.JPG,9.75695,46.91701,20344.99,BG 08079 - 2,balise,FID
VIRB0022-2491.JPG,9.75707,46.91696,20355.69,B22,main signal,KUEB
VIRB0022-2532.JPG,9.76258,46.91543,20811.54,B21,main signal,KUEB
VIRB0022-2533.JPG,9.76271,46.91541,20821.69,BG 08083 - 1,balise,KUEB
VIRB0022-2534.JPG,9.76284,46.91538,20832.14,BG 08083 - 2,balise,KUEB
VIRB0022-2535.JPG,9.76298,46.91535,20843.32,BG 08082 - 1,balise,KUEB
VIRB0022-2536.JPG,9.7631,46.91533,20852.73,BG 08082 - 2,balise,KUEB
VIRB0022-2537.JPG,9.76324,46.9153,20863.9,BG 08085 - 1,balise,KUEB
VIRB0022-2562.JPG,9.76612,46.91441,21105.42,BG 08085 - 2,balise,KUEB
VIRB0022-2563.JPG,9.76629,46.91436,21119.51,BG 08084 - 1,balise,KUEB
VIRB0022-2564.JPG,9.76637,46.91433,21126.46,BG 08084 - 2,balise,KUEB
VIRB0022-2565.JPG,9.76646,46.91431,21133.67,C22,main signal,KUEB
VIRB0022-2566.JPG,9.76655,46.91429,21140.88,E*22,distant signal,KUEB
VIRB0022-2567.JPG,9.76665,46.91427,21148.81,C21,main signal,KUEB
VIRB0022-2568.JPG,9.76675,46.91425,21156.75,E*21,distant signal,KUEB
VIRB0022-2569.JPG,9.76685,46.91422,21165.06,B**32,distant signal,KUEB
VIRB0022-2570.JPG,9.76695,46.91421,21172.76,B**31,distant signal,KUEB
VIRB0022-2571.JPG,9.76704,46.91419,21179.97,D1,main signal,KUEB
VIRB0022-2585.JPG,9.76834,46.91406,21280.41,BG 08086 - 1,balise,KUEB
VIRB0022-2586.JPG,9.76843,46.91406,21287.26,BG 08086 - 2,balise,KUEB
VIRB0022-2587.JPG,9.76851,46.91406,21293.36,D43,main signal,KUEB
VIRB0022-2588.JPG,9.76861,46.91406,21300.98,D2,main signal,KUEB
VIRB0022-2589.JPG,9.7687,46.91406,21307.83,BG 08088 - 1,balise,KUEB
VIRB0022-2590.JPG,9.76879,46.91406,21314.69,BG 08088 - 2,balise,KUEB
VIRB0022-2591.JPG,9.76887,46.91406,21320.78,BG 08087 - 1,balise,KUEB
VIRB0022-2592.JPG,9.76896,46.91406,21327.64,BG 08087 - 2,balise,KUEB
VIRB0022-2593.JPG,9.76905,46.91406,21334.49,BG 08089 - 1,balise,KUEB
VIRB0022-2634.JPG,9.77188,46.91429,21553.45,BG 08089 - 2,balise,KUEB
VIRB0022-2635.JPG,9.77192,46.9143,21556.69,BG 08090 - 1,balise,KUEB
VIRB0022-2636.JPG,9.77197,46.9143,21560.5,BG 08090 - 2,balise,KUEB
VIRB0022-2637.JPG,9.77201,46.91431,21563.74,E1,main signal,KUEB
VIRB0022-2638.JPG,9.77205,46.91431,21566.79,E2,main signal,KUEB
VIRB0022-2639.JPG,9.77208,46.91432,21569.33,BG 08091 - 1,balise,KUEB
VIRB0022-2640.JPG,9.77212,46.91433,21572.58,BG 08091 - 2,balise,KUEB
VIRB0022-2641.JPG,9.77215,46.91434,21575.12,E3,main signal,KUEB
VIRB0022-2642.JPG,9.77218,46.91434,21577.4,F,main signal,KUEB
VIRB0022-2827.JPG,9.77481,46.91511,21811.95,D*,distant signal,KUEB
VIRB0022-2828.JPG,9.7749,46.91513,21819.16,BG 08092 - 1,balise,KUEB
VIRB0022-2829.JPG,9.77498,46.91516,21826.1,BG 08092 - 2,balise,KUEB
VIRB0022-2830.JPG,9.77506,46.91517,21832.3,BG 08094 - 1,balise,CAPA
VIRB0022-2878.JPG,9.77945,46.91507,22168.66,BG 08094 - 2,balise,CAPA
VIRB0022-2879.JPG,9.77954,46.91505,22175.87,G*,distant signal,CAPA
VIRB0022-2880.JPG,9.77962,46.91503,22182.35,F*,distant signal,KUEB
VIRB0022-2881.JPG,9.7797,46.91502,22188.55,BG 08093 - 1,balise,KUEB
VIRB0022-2882.JPG,9.77978,46.915,22195.03,BG 08093 - 2,balise,KUEB
VIRB0022-2883.JPG,9.77992,46.91496,22206.59,BG 08095 - 1,balise,CAPA
VIRB0022-2922.JPG,9.78336,46.91476,22475.8,BG 08095 - 2,balise,CAPA
VIRB0022-2923.JPG,9.78345,46.91476,22482.65,G,main signal,CAPA
VIRB0022-2924.JPG,9.78365,46.91477,22497.93,J*,distant signal,CAPA
VIRB0022-2925.JPG,9.78373,46.91478,22504.12,H81,main signal,CAPA
VIRB0022-2939.JPG,9.78455,46.91409,22677.21,H82,main signal,CAPA
VIRB0022-2940.JPG,9.78467,46.91407,22686.62,BG 08097 - 1,balise,CAPA
VIRB0022-2941.JPG,9.78479,46.91405,22696.03,BG 08097 - 2,balise,CAPA
VIRB0022-2942.JPG,9.78489,46.91403,22703.97,BG 08096 - 1,balise,CAPA
VIRB0022-2943.JPG,9.78498,46.91402,22710.91,BG 08096 - 2,balise,CAPA
VIRB0022-2944.JPG,9.78513,46.91399,22722.81,H**82,distant signal,CAPA
VIRB0022-2951.JPG,9.78583,46.91395,22776.46,H**81,distant signal,CAPA
VIRB0022-2952.JPG,9.78593,46.91394,22784.16,BG 08023 - 1,balise,CAPA
VIRB0022-2981.JPG,9.78839,46.91315,22995.61,BG 08023 - 2,balise,CAPA
VIRB0022-2982.JPG,9.78847,46.91313,23002.1,BG 08022 - 1,balise,CAPA
VIRB0022-2983.JPG,9.78856,46.91311,23009.3,BG 08022 - 2,balise,CAPA
VIRB0022-2984.JPG,9.78871,46.91308,23021.21,J**82,distant signal,CAPA
VIRB0022-2990.JPG,9.78922,46.91296,23062.44,J**81,distant signal,CAPA
VIRB0022-2991.JPG,9.78931,46.91294,23069.64,BG 08099 - 1,balise,CAPA
VIRB0022-3008.JPG,9.79088,46.91257,23196.26,BG 08099 - 2,balise,CAPA
VIRB0022-3009.JPG,9.79098,46.91255,23204.19,BG 08098 - 1,balise,CAPA
VIRB0022-3010.JPG,9.79107,46.91253,23211.4,BG 08098 - 2,balise,CAPA
VIRB0022-3011.JPG,9.79116,46.91251,23218.61,J82,main signal,CAPA
VIRB0022-3012.JPG,9.79124,46.91249,23225.1,J81,main signal,CAPA
VIRB0022-3013.JPG,9.79133,46.91247,23232.3,K,main signal,CAPA
VIRB0022-3038.JPG,9.79349,46.91209,23402.75,H*,distant signal,CAPA
VIRB0022-3039.JPG,9.79357,46.91208,23408.95,BG 08100 - 1,balise,CAPA
VIRB0022-3040.JPG,9.79366,46.91207,23415.89,BG 08100 - 2,balise,CAPA
VIRB0022-3041.JPG,9.79375,46.91205,23423.1,BG 08102 - 1,balise,SAAS
VIRB0022-3097.JPG,9.79869,46.91138,23824.57,BG 08102 - 2,balise,SAAS
VIRB0022-3098.JPG,9.79877,46.91137,23830.76,A*,distant signal,SAAS
VIRB0022-3099.JPG,9.79886,46.91135,23837.97,K*,distant signal,CAPA
VIRB0022-3100.JPG,9.79894,46.91134,23844.16,BG 08101 - 1,balise,CAPA
VIRB0022-3101.JPG,9.79903,46.91132,23851.37,BG 08101 - 2,balise,CAPA
VIRB0022-3102.JPG,9.79912,46.9113,23858.58,BG 08103 - 1,balise,SAAS
VIRB0022-3146.JPG,9.80265,46.90996,24171.86,BG 08103 - 2,balise,SAAS
VIRB0022-3147.JPG,9.80274,46.90993,24179.48,A,main signal,SAAS
VIRB0022-3148.JPG,9.80288,46.9099,24190.66,C*,distant signal,SAAS
VIRB0022-3149.JPG,9.80295,46.90988,24196.43,B,main signal,SAAS
VIRB0022-3196.JPG,9.80641,46.90841,24523.72,BG 08105 - 1,balise,SAAS
VIRB0022-3197.JPG,9.8069,46.90825,24565.08,BG 08105 - 2,balise,SAAS
VIRB0022-3198.JPG,9.80697,46.90825,24570.41,BG 08104 - 1,balise,SAAS
VIRB0022-3199.JPG,9.80706,46.90825,24577.27,BG 08104 - 2,balise,SAAS
VIRB0022-3200.JPG,9.80715,46.90825,24584.12,C**1,distant signal,SAAS
VIRB0022-3218.JPG,9.80868,46.90816,24706.75,C**2,distant signal,SAAS
VIRB0022-3219.JPG,9.80874,46.90813,24712.41,BG 08107 - 1,balise,SAAS
VIRB0022-3230.JPG,9.80959,46.90775,24789.79,BG 08107 - 2,balise,SAAS
VIRB0022-3231.JPG,9.80966,46.90772,24796.08,BG 08106 - 1,balise,SAAS
VIRB0022-3232.JPG,9.80974,46.90768,24803.63,BG 08106 - 2,balise,SAAS
VIRB0022-3233.JPG,9.80982,46.90765,24810.57,C,main signal,SAAS
VIRB0022-3236.JPG,9.81006,46.90755,24832.03,D,main signal,SAAS
VIRB0022-3275.JPG,9.81304,46.90609,25112.15,B*,distant signal,SAAS
VIRB0022-3276.JPG,9.81311,46.90605,25119.1,BG 08108 - 1,balise,SAAS
VIRB0022-3277.JPG,9.81318,46.90601,25126.04,BG 08108 - 2,balise,SAAS
VIRB0022-3278.JPG,9.81326,46.90597,25133.59,BG 08110 - 1,balise,SERN
VIRB0022-3333.JPG,9.81745,46.90381,25534.85,BG 08110 - 2,balise,SERN
VIRB0022-3334.JPG,9.81754,46.90379,25542.06,P*,distant signal,SERN
VIRB0022-3335.JPG,9.81762,46.90377,25548.55,D*,distant signal,SAAS
VIRB0022-3339.JPG,9.81797,46.90371,25576.11,BG 08109 - 1,balise,SAAS
VIRB0022-3340.JPG,9.81806,46.90369,25583.32,BG 08109 - 2,balise,SAAS
VIRB0022-3341.JPG,9.81815,46.90367,25590.53,BG 08111 - 1,balise,SERN
VIRB0022-3395.JPG,9.82274,46.90242,25971.09,BG 08111 - 2,balise,SERN
VIRB0022-3396.JPG,9.82282,46.90241,25977.28,P,main signal,SERN
VIRB0022-3397.JPG,9.8229,46.9024,25983.48,Q,main signal,SERN
VIRB0022-3403.JPG,9.82341,46.90239,26022.63,BG 08112 - 1,balise,SERN
VIRB0022-3404.JPG,9.82349,46.9024,26028.82,BG 08112 - 2,balise,SERN
VIRB0022-3405.JPG,9.82357,46.90241,26035.02,Q*,distant signal,SERN
VIRB0022-3465.JPG,9.82781,46.90184,26421.93,BG 08113 - 1,balise,SERN
VIRB0022-3466.JPG,9.82789,46.90183,26428.12,BG 08113 - 2,balise,SERN
VIRB0022-3467.JPG,9.82796,46.90181,26433.9,BG 08114 - 1,balise,SERN
VIRB0022-3500.JPG,9.83065,46.90145,26643.73,BG 08114 - 2,balise,SERN
VIRB0022-3501.JPG,9.83073,46.90144,26649.93,A*,distant signal,SERN
VIRB0022-3502.JPG,9.83081,46.90144,26656.02,BG 08115 - 1,balise,SERN
VIRB0022-3568.JPG,9.83532,46.89885,27131.13,BG 08115 - 2,balise,SERN
VIRB0022-3569.JPG,9.83541,46.89881,27139.3,A,main signal,SERN
VIRB0022-3570.JPG,9.8355,46.89877,27147.48,C*,distant signal,SERN
VIRB0022-3571.JPG,9.8356,46.89872,27156.91,B1,main signal,SERN
VIRB0022-3606.JPG,9.83862,46.89697,27460.27,B2,main signal,SERN
VIRB0022-3607.JPG,9.83868,46.8969,27469.29,BG 08116 - 1,balise,SERN
VIRB0022-3608.JPG,9.83873,46.89684,27476.97,BG 08116 - 2,balise,SERN
VIRB0022-3609.JPG,9.83878,46.89677,27485.64,BG 08117 - 1,balise,SERN
VIRB0022-3610.JPG,9.83883,46.8967,27494.3,BG 08117 - 2,balise,SERN
VIRB0022-3611.JPG,9.83888,46.89664,27501.98,BG 08118 - 1,balise,SERN
VIRB0022-3638.JPG,9.84106,46.89523,27732.45,BG 08118 - 2,balise,SERN
VIRB0022-3639.JPG,9.84112,46.89517,27740.54,BG 08119 - 1,balise,SERN
VIRB0022-3640.JPG,9.84118,46.89511,27748.62,BG 08119 - 2,balise,SERN
VIRB0022-3641.JPG,9.84124,46.89505,27756.71,C1,main signal,SERN
VIRB0022-3642.JPG,9.84129,46.89499,27764.39,C2,main signal,SERN
VIRB0022-3643.JPG,9.84135,46.89493,27772.48,D,main signal,SERN
VIRB0022-3689.JPG,9.84545,46.89299,28161.56,B*,distant signal,SERN
VIRB0022-3690.JPG,9.84554,46.89295,28169.73,BG 08120 - 1,balise,SERN
VIRB0022-3691.JPG,9.84563,46.89291,28177.91,BG 08120 - 2,balise,SERN
VIRB0022-3692.JPG,9.84572,46.89287,28186.08,D*,distant signal,SERN
VIRB0022-3737.JPG,9.84992,46.8909,28578.4,BG 08121 - 1,balise,SERN
VIRB0022-3738.JPG,9.85,46.89087,28585.35,BG 08121 - 2,balise,SERN
VIRB0022-3739.JPG,9.8501,46.89085,28593.29,BG 08122 - 1,balise,SERN
VIRB0022-3762.JPG,9.8523,46.88997,28793.77,BG 08122 - 2,balise,SERN
VIRB0022-3763.JPG,9.85235,46.88991,28801.45,F*,distant signal,SERN
VIRB0022-3764.JPG,9.85241,46.88983,28811.45,E,main signal,SERN
VIRB0022-3775.JPG,9.85285,46.88904,28905.58,BG 08123 - 1,balise,SERN
VIRB0022-3810.JPG,9.85582,46.88744,29203.49,BG 08123 - 2,balise,SERN
VIRB0022-3811.JPG,9.85592,46.88741,29211.81,F,main signal,SERN
VIRB0022-3812.JPG,9.85601,46.88738,29219.44,G,main signal,SERN
VIRB0022-3829.JPG,9.8575,46.88684,29348.08,BG 08124 - 1,balise,SERN
VIRB0022-3830.JPG,9.85758,46.8868,29355.63,BG 08124 - 2,balise,SERN
VIRB0022-3831.JPG,9.85767,46.88678,29362.84,G*,distant signal,SERN
VIRB0022-3877.JPG,9.86138,46.88554,29679.26,BG 08125 - 1,balise,SERN
VIRB0022-3878.JPG,9.86144,46.8855,29685.63,BG 08125 - 2,balise,SERN
VIRB0022-3879.JPG,9.86153,46.88543,29696.01,BG 08126 - 1,balise,KLOD
VIRB0022-3898.JPG,9.86259,46.88467,29814.42,BG 08126 - 2,balise,KLOD
VIRB0022-3899.JPG,9.86272,46.88464,29824.87,A*,distant signal,KLOD
VIRB0022-3900.JPG,9.86279,46.88462,29830.65,BG 08127 - 1,balise,KLOD
VIRB0022-3984.JPG,9.86962,46.88506,30386.89,BG 08127 - 2,balise,KLOD
VIRB0022-3985.JPG,9.86971,46.88507,30393.84,A,main signal,KLOD
VIRB0022-3986.JPG,9.86979,46.88508,30400.04,C*,distant signal,KLOD
VIRB0022-3987.JPG,9.86987,46.88508,30406.14,B,main signal,KLOD
VIRB0022-4009.JPG,9.87171,46.88528,30548.75,BG 08128 - 1,balise,KLOD
VIRB0022-4014.JPG,9.87206,46.88537,30577.32,BG 08128 - 2,balise,KLOD
VIRB0022-4015.JPG,9.87213,46.88539,30583.1,BG 08129 - 1,balise,KLOD
VIRB0022-4016.JPG,9.8722,46.88541,30588.88,BG 08129 - 2,balise,KLOD
VIRB0022-4017.JPG,9.87228,46.88543,30595.37,C**1,distant signal,KLOD
VIRB0022-4039.JPG,9.87388,46.88486,30744.43,C**2,distant signal,KLOD
VIRB0022-4040.JPG,9.87392,46.88482,30749.82,BG 08130 - 1,balise,KLOD
VIRB0022-4046.JPG,9.87418,46.88454,30786.76,BG 08130 - 2,balise,KLOD
VIRB0022-4047.JPG,9.87422,46.88449,30793.1,BG 08131 - 1,balise,KLOD
VIRB0022-4048.JPG,9.87426,46.88445,30798.49,BG 08131 - 2,balise,KLOD
VIRB0022-4049.JPG,9.8743,46.8844,30804.83,C,main signal,KLOD
VIRB0022-4052.JPG,9.87444,46.88426,30823.7,A*,distant signal,KLOD
VIRB0022-4053.JPG,9.87448,46.88422,30829.1,D,main signal,KLOD
VIRB0022-4263.JPG,9.87643,46.88264,31074.69,B*,distant signal,KLOD
VIRB0022-4264.JPG,9.87647,46.88263,31077.93,BG 08132 - 1,balise,KLOD
VIRB0022-4265.JPG,9.87651,46.88261,31081.7,BG 08132 - 2,balise,KLOD
VIRB0022-4266.JPG,9.87655,46.8826,31084.95,BG 08133 - 1,balise,KLO
VIRB0022-4285.JPG,9.87758,46.88223,31174.06,BG 08133 - 2,balise,KLO
VIRB0022-4286.JPG,9.87765,46.88221,31179.84,A,main signal,KLO
VIRB0022-4287.JPG,9.87771,46.88218,31185.5,F11,main signal,KLO
VIRB0022-4322.JPG,9.87799,46.88013,31441.27,D*11,distant signal,KLO
VIRB0022-4323.JPG,9.87795,46.88007,31448.6,F13,main signal,KLO
VIRB0022-4324.JPG,9.8779,46.88,31457.27,D*13,distant signal,KLO
VIRB0022-4325.JPG,9.87786,46.87994,31464.6,BG 08134 - 1,balise,KLO
VIRB0022-4326.JPG,9.87782,46.87987,31472.96,BG 08134 - 2,balise,KLO
VIRB0022-4327.JPG,9.87778,46.87981,31480.29,BG 08135 - 1,balise,KLO
VIRB0022-4328.JPG,9.87773,46.87974,31488.96,BG 08135 - 2,balise,KLO
VIRB0022-4329.JPG,9.87769,46.87967,31497.32,BG 08136 - 1,balise,KLO
VIRB0022-4359.JPG,9.87699,46.87742,31759.01,BG 08136 - 2,balise,KLO
VIRB0022-4360.JPG,9.87699,46.87736,31765.68,BG 08137 - 1,balise,KLO
VIRB0022-4361.JPG,9.877,46.87728,31774.61,BG 08137 - 2,balise,KLO
VIRB0022-4362.JPG,9.877,46.87721,31782.39,G*11,distant signal,KLO
VIRB0022-4363.JPG,9.87701,46.87713,31791.32,G*13,distant signal,KLO
VIRB0022-4364.JPG,9.87701,46.87706,31799.1,F*11,distant signal,KLO
VIRB0022-4375.JPG,9.87706,46.87622,31892.66,F*13,distant signal,KLO
VIRB0022-4376.JPG,9.87707,46.87614,31901.59,BG 08138 - 1,balise,KLO
VIRB0022-4377.JPG,9.87707,46.87607,31909.37,BG 08138 - 2,balise,KLO
VIRB0022-4378.JPG,9.87708,46.876,31917.19,BG 08139 - 1,balise,KLO
VIRB0022-4379.JPG,9.87709,46.87587,31931.66,BG 08139 - 2,balise,KLO
VIRB0022-4380.JPG,9.87709,46.87581,31938.33,BG 08140 - 1,balise,KLO
VIRB0022-4406.JPG,9.87726,46.8739,32151.27,BG 08140 - 2,balise,KLO
VIRB0022-4407.JPG,9.87727,46.87382,32160.19,BG 08141 - 1,balise,KLO
VIRB0022-4408.JPG,9.87728,46.87375,32168.01,BG 08141 - 2,balise,KLO
VIRB0022-4409.JPG,9.87729,46.87368,32175.83,G11,main signal,KLO
VIRB0022-4410.JPG,9.8773,46.87361,32183.65,C*11,distant signal,KLO
VIRB0022-4411.JPG,9.87732,46.87354,32191.58,G13,main signal,KLO
VIRB0022-4412.JPG,9.87734,46.87347,32199.51,C*13,distant signal,KLO
VIRB0022-4413.JPG,9.87737,46.8734,32207.62,B21,main signal,KLO
VIRB0022-4423.JPG,9.87784,46.87279,32284.85,B32,main signal,KLO
VIRB0022-4424.JPG,9.8779,46.87274,32292.05,B33,main signal,KLO
VIRB0022-4425.JPG,9.87797,46.87269,32299.76,B24,main signal,KLO
VIRB0022-4426.JPG,9.87804,46.87264,32307.46,BG 08142 - 1,balise,KLO
VIRB0022-4427.JPG,9.8781,46.87258,32315.55,BG 08142 - 2,balise,KLO
VIRB0022-4428.JPG,9.87816,46.87253,32322.75,BG 08143 - 1,balise,KLO
VIRB0022-4429.JPG,9.87822,46.87248,32329.95,BG 08143 - 2,balise,KLO
VIRB0022-4430.JPG,9.87828,46.87243,32337.15,BG 08144 - 1,balise,KLO
VIRB0022-4431.JPG,9.87834,46.87238,32344.35,BG 08144 - 2,balise,KLO
VIRB0022-4432.JPG,9.8784,46.87233,32351.54,BG 08145 - 1,balise,KLO
VIRB0022-4433.JPG,9.87846,46.87228,32358.74,BG 08145 - 2,balise,KLO
VIRB0022-4434.JPG,9.87852,46.87223,32365.94,BG 08154,balise,KLO
VIRB0022-4460.JPG,9.87985,46.87087,32549.07,BG 08155,balise,KLO
VIRB0022-4461.JPG,9.87988,46.87082,32555.08,BG 08148 - 1,balise,KLO
VIRB0022-4465.JPG,9.88001,46.87062,32579.46,BG 08148 - 2,balise,KLO
VIRB0022-4466.JPG,9.88004,46.87057,32585.47,BG 08149 - 1,balise,KLO
VIRB0022-4467.JPG,9.88007,46.87052,32591.48,BG 08149 - 2,balise,KLO
VIRB0022-4468.JPG,9.8801,46.87047,32597.49,BG 08146 - 1,balise,KLO
VIRB0022-4469.JPG,9.88013,46.87043,32602.49,BG 08146 - 2,balise,KLO
VIRB0022-4470.JPG,9.88016,46.87038,32608.5,BG 08147 - 1,balise,KLO
VIRB0022-4471.JPG,9.88019,46.87034,32613.5,BG 08147 - 2,balise,KLO
VIRB0022-4472.JPG,9.88022,46.87029,32619.51,C3,main signal,KLO
VIRB0022-4473.JPG,9.88025,46.87025,32624.51,C4,main signal,KLO
VIRB0022-4474.JPG,9.88028,46.8702,32630.52,C2,main signal,KLO
VIRB0022-4475.JPG,9.8803,46.87016,32635.22,C1,main signal,KLO
VIRB0022-4476.JPG,9.88033,46.87011,32641.23,BG 08021 - 1,balise,KLO
VIRB0022-4488.JPG,9.88066,46.86957,32706.4,BG 08021 - 2,balise,KLO
VIRB0022-4489.JPG,9.88069,46.86953,32711.4,E,main signal,KLO
VIRB0022.0000.JPG,9.55489,46.96762,59903.8,B*,distant signal,KLO
